Fecha,Dia,Mes,Gastos,Efectivo,Tarjeta,Nequi,Daviplata,Transferencia,Total_Ventas,Utilidad_Neta,Nota,Suma_Metodos_Pago,Diferencia_Ventas_vs_Metodos,Utilidad_Calculada,Diferencia_Utilidad
2025-01-01,Miércoles,Enero 2025,0,0,0,0,0,0,0,0,,0,0,0,0
2025-01-02,Jueves,Enero 2025,0,0,0,0,0,0,0,0,,0,0,0,0
2025-01-03,Viernes,Enero 2025,404950,0,0,150700,0,187200,337900,-67050,,337900,0,-67050,0
2025-01-04,Sábado,Enero 2025,266900,616000,749600,356200,49200,103400,1874400,1607500,,1874400,0,1607500,0
2025-01-05,Domingo,Enero 2025,0,0,0,0,0,0,0,0,,0,0,0,0
2025-01-06,Lunes,Enero 2025,0,0,0,0,0,0,0,0,,0,0,0,0
2025-01-07,Martes,Enero 2025,596050,404500,62000,0,0,102400,568900,-27150,,568900,0,-27150,0
2025-01-08,Miércoles,Enero 2025,177750,99000,78600,0,75900,0,253500,75750,,253500,0,75750,0
2025-01-09,Jueves,Enero 2025,214200,355100,81400,0,98400,423900,958800,744600,,958800,0,744600,0
2025-01-10,Viernes,Enero 2025,205700,667000,277750,39700,0,223500,1207950,1002250,,1207950,0,1002250,0
2025-01-11,Sábado,Enero 2025,113300,629800,185800,0,0,0,815600,702300,,815600,0,702300,0
2025-01-12,Domingo,Enero 2025,0,0,0,0,0,0,0,0,,0,0,0,0
2025-01-13,Lunes,Enero 2025,92800,78700,0,0,0,0,78700,-14100,,78700,0,-14100,0
2025-01-14,Martes,Enero 2025,3400,96800,294800,0,0,0,391600,388200,,391600,0,388200,0
2025-01-15,Miércoles,Enero 2025,158950,432600,140200,0,0,0,572800,413850,,572800,0,413850,0
2025-01-16,Jueves,Enero 2025,208600,262600,252500,115000,0,0,630100,421500,,630100,0,421500,0
2025-01-17,Viernes,Enero 2025,408700,131500,539500,53700,0,0,724700,316000,REVISAR GATOS,724700,0,316000,0
2025-01-18,Sábado,Enero 2025,254300,282300,455100,0,28700,0,766100,511800,,766100,0,511800,0
2025-01-19,Domingo,Enero 2025,268000,352000,128000,256000,0,0,736000,468000,BRUNCH,736000,0,468000,0
2025-01-20,Lunes,Enero 2025,38500,76400,0,37000,0,110000,223400,184900,,223400,0,184900,0
2025-01-21,Martes,Enero 2025,127470,371750,176500,0,71700,83050,703000,575530,,703000,0,575530,0
2025-01-22,Miércoles,Enero 2025,160000,109600,288500,179600,0,60500,638200,478200,,638200,0,478200,0
2025-01-23,Jueves,Enero 2025,215150,216450,85800,93000,0,0,395250,180100,,395250,0,180100,0
2025-01-24,Viernes,Enero 2025,257600,682600,255100,170400,0,0,1108100,850500,,1108100,0,850500,0
2025-01-25,Sábado,Enero 2025,338900,373600,846600,49200,0,75500,1344900,1006000,,1344900,0,1006000,0
2025-01-26,Domingo,Enero 2025,0,0,0,0,0,0,0,0,,0,0,0,0
2025-01-27,Lunes,Enero 2025,282950,71400,229000,68400,0,0,368800,85850,,368800,0,85850,0
2025-01-28,Martes,Enero 2025,456350,275400,697550,0,0,0,972950,516600,,972950,0,516600,0
2025-01-29,Miércoles,Enero 2025,479800,71400,229000,68400,0,0,368800,-111000,,368800,0,-111000,0
2025-01-30,Jueves,Enero 2025,14000,767250,49200,49200,0,0,865650,851650,,865650,0,851650,0
2025-01-31,Viernes,Enero 2025,464350,259500,1206550,127100,0,35200,1628350,1164000,,1628350,0,1164000,0
2025-02-01,Sábado,Febrero 2025,275500,452000,929200,0,0,0,1381200,1105700,,1381200,0,1105700,0
2025-02-02,Domingo,Febrero 2025,0,0,0,805000,0,0,805000,805000,REVISAR GASTOS,805000,0,805000,0
2025-02-03,Lunes,Febrero 2025,284000,584350,127600,0,0,0,711950,427950,,711950,0,427950,0
2025-02-04,Martes,Febrero 2025,107800,88900,260150,0,0,78600,427650,319850,,427650,0,319850,0
2025-02-05,Miércoles,Febrero 2025,64800,160050,127000,0,0,0,287050,222250,,287050,0,222250,0
2025-02-06,Jueves,Febrero 2025,66850,39700,253700,0,0,0,293400,226550,,293400,0,226550,0
2025-02-07,Viernes,Febrero 2025,0,0,0,0,0,0,0,0,Vacaciones,0,0,0,0
2025-02-08,Sábado,Febrero 2025,0,0,0,0,0,0,0,0,Vacaciones,0,0,0,0
2025-02-09,Domingo,Febrero 2025,0,0,0,0,0,0,0,0,Vacaciones,0,0,0,0
2025-02-10,Lunes,Febrero 2025,0,0,0,0,0,0,0,0,Vacaciones,0,0,0,0
2025-02-11,Martes,Febrero 2025,0,0,0,0,0,0,0,0,Vacaciones,0,0,0,0
2025-02-12,Miércoles,Febrero 2025,0,0,0,0,0,0,0,0,Vacaciones,0,0,0,0
2025-02-13,Jueves,Febrero 2025,0,0,0,0,0,0,0,0,Vacaciones,0,0,0,0
2025-02-14,Viernes,Febrero 2025,280720,894900,625150,253000,99000,213900,2085950,1805230,,2085950,0,1805230,0
2025-02-15,Sábado,Febrero 2025,562050,627100,552000,88900,0,138800,1406800,844750,,1406800,0,844750,0
2025-02-16,Domingo,Febrero 2025,0,437400,183000,0,0,132600,753000,753000,,753000,0,753000,0
2025-02-17,Lunes,Febrero 2025,267300,352100,139600,34700,0,0,526400,259100,,526400,0,259100,0
2025-02-18,Martes,Febrero 2025,819700,339500,68200,0,0,0,407700,-412000,,407700,0,-412000,0
2025-02-19,Miércoles,Febrero 2025,39050,236500,270400,0,0,70950,577850,538800,,577850,0,538800,0
2025-02-20,Jueves,Febrero 2025,371750,162100,550150,73000,0,215600,1000850,629100,,1000850,0,629100,0
2025-02-21,Viernes,Febrero 2025,286200,464850,399300,0,0,128200,992350,706150,,992350,0,706150,0
2025-02-22,Sábado,Febrero 2025,371550,0,925300,0,0,243700,1169000,797450,,1169000,0,797450,0
2025-02-23,Domingo,Febrero 2025,0,0,0,0,0,0,0,0,,0,0,0,0
2025-02-24,Lunes,Febrero 2025,288200,271600,83600,0,0,33500,388700,100500,,388700,0,100500,0
2025-02-25,Martes,Febrero 2025,403900,113300,182050,0,0,0,295350,-108550,,295350,0,-108550,0
2025-02-26,Miércoles,Febrero 2025,276550,182700,183200,22000,0,0,387900,111350,,387900,0,111350,0
2025-02-27,Jueves,Febrero 2025,662000,492400,39700,973500,0,130900,1636500,974500,,1636500,0,974500,0
2025-02-28,Viernes,Febrero 2025,0,536100,735000,352100,54700,228700,1906600,1906600,REVISAR GASTOS,1906600,0,1906600,0
2025-03-01,Sábado,Marzo 2025,427950,196900,693900,249000,0,122600,1262400,834450,,1262400,0,834450,0
2025-03-02,Domingo,Marzo 2025,0,0,0,0,0,0,0,0,,0,0,0,0
2025-03-03,Lunes,Marzo 2025,21400,79600,64500,143100,0,0,287200,265800,,287200,0,265800,0
2025-03-04,Martes,Marzo 2025,555750,42300,269500,214000,0,69800,595600,39850,,595600,0,39850,0
2025-03-05,Miércoles,Marzo 2025,5000,374500,105000,66500,0,0,546000,541000,,546000,0,541000,0
2025-03-06,Jueves,Marzo 2025,485250,398000,805050,143050,47400,179000,1572500,1087250,,1572500,0,1087250,0
2025-03-07,Viernes,Marzo 2025,279450,291000,101200,166400,0,0,558600,279150,,558600,0,279150,0
2025-03-08,Sábado,Marzo 2025,0,331200,2092250,0,0,463500,2886950,2886950,,2886950,0,2886950,0
2025-03-09,Domingo,Marzo 2025,428320,741000,224000,0,0,192000,1157000,728680,,1157000,0,728680,0
2025-03-10,Lunes,Marzo 2025,185750,428000,473900,218500,0,49200,1169600,983850,,1169600,0,983850,0
2025-03-11,Martes,Marzo 2025,500150,212450,214450,183800,40000,44700,695400,195250,,695400,0,195250,0
2025-03-12,Miércoles,Marzo 2025,173900,39700,224500,28700,0,0,292900,119000,,292900,0,119000,0
2025-03-13,Jueves,Marzo 2025,182500,84100,266750,0,67900,0,418750,236250,,418750,0,236250,0
2025-03-14,Viernes,Marzo 2025,918500,351550,374900,107000,34700,291650,1159800,241300,,1159800,0,241300,0
2025-03-15,Sábado,Marzo 2025,135950,193400,434200,157600,0,287300,1072500,936550,,1072500,0,936550,0
2025-03-16,Domingo,Marzo 2025,0,0,0,0,0,0,0,0,,0,0,0,0
2025-03-17,Lunes,Marzo 2025,368200,0,224900,154000,0,0,378900,10700,,378900,0,10700,0
2025-03-18,Martes,Marzo 2025,158350,116700,474850,39700,0,95500,726750,568400,,726750,0,568400,0
2025-03-19,Miércoles,Marzo 2025,0,380450,874000,0,0,104500,1358950,1358950,,1358950,0,1358950,0
2025-03-20,Jueves,Marzo 2025,411100,162500,52700,40700,0,0,255900,-155200,,255900,0,-155200,0
2025-03-21,Viernes,Marzo 2025,471800,339350,480150,123750,0,0,943250,471450,,943250,0,471450,0
2025-03-22,Sábado,Marzo 2025,95050,128550,518000,48500,0,0,695050,600000,,695050,0,600000,0
2025-03-23,Domingo,Marzo 2025,244350,0,0,1040000,0,0,1040000,795650,,1040000,0,795650,0
2025-03-24,Lunes,Marzo 2025,0,0,0,0,0,0,0,0,DESCANSO,0,0,0,0
2025-03-25,Martes,Marzo 2025,109100,0,209050,75400,0,0,284450,175350,,284450,0,175350,0
2025-03-26,Miércoles,Marzo 2025,87450,0,165000,0,0,88000,253000,165550,,253000,0,165550,0
2025-03-27,Jueves,Marzo 2025,101700,347200,263450,69400,0,0,680050,578350,,680050,0,578350,0
2025-03-28,Viernes,Marzo 2025,596100,321750,75350,0,101400,230450,728950,132850,,728950,0,132850,0
2025-03-29,Sábado,Marzo 2025,276700,691300,404650,59900,0,243900,1399750,1123050,,1399750,0,1123050,0
2025-03-30,Domingo,Marzo 2025,0,0,0,0,0,0,0,0,,0,0,0,0
2025-03-31,Lunes,Marzo 2025,46300,0,158400,0,0,0,158400,112100,,158400,0,112100,0
2025-04-01,Martes,Abril 2025,66410,116000,611800,34700,0,75900,838400,771990,,838400,0,771990,0
2025-04-02,Miércoles,Abril 2025,0,38700,474150,0,0,107100,619950,619950,,619950,0,619950,0
2025-04-03,Jueves,Abril 2025,155150,0,301900,56000,0,78700,436600,281450,,436600,0,281450,0
2025-04-04,Viernes,Abril 2025,334500,769600,533250,337100,0,121200,1761150,1426650,,1761150,0,1426650,0
2025-04-05,Sábado,Abril 2025,303450,592400,350900,27000,0,104500,1074800,771350,,1074800,0,771350,0
2025-04-06,Domingo,Abril 2025,0,0,0,0,0,1112000,1112000,1112000,,1112000,0,1112000,0
2025-04-07,Lunes,Abril 2025,466250,155200,104500,102900,0,0,362600,-103650,,362600,0,-103650,0
2025-04-08,Martes,Abril 2025,53000,86900,94600,0,65700,160800,408000,355000,,408000,0,355000,0
2025-04-09,Miércoles,Abril 2025,225650,241700,0,90200,49200,0,381100,155450,,381100,0,155450,0
2025-04-10,Jueves,Abril 2025,6900,189100,277650,0,0,0,466750,459850,,466750,0,459850,0
2025-04-11,Viernes,Abril 2025,457900,376750,413250,319700,0,32000,1141700,683800,,1141700,0,683800,0
2025-04-12,Sábado,Abril 2025,362500,700800,228800,135800,0,0,1065400,702900,,1065400,0,702900,0
2025-04-13,Domingo,Abril 2025,0,325000,128000,160000,0,96000,709000,709000,,709000,0,709000,0
2025-04-14,Lunes,Abril 2025,29650,48000,166650,87200,0,0,301850,272200,,301850,0,272200,0
2025-04-15,Martes,Abril 2025,375750,244000,1184700,0,0,0,1428700,1052950,,1428700,0,1052950,0
2025-04-16,Miércoles,Abril 2025,320300,242000,542350,0,49200,65400,898950,578650,,898950,0,578650,0
2025-04-17,Jueves,Abril 2025,354600,62950,368350,269300,0,150000,850600,496000,,850600,0,496000,0
2025-04-18,Viernes,Abril 2025,0,0,0,0,0,0,0,0,,0,0,0,0
2025-04-19,Sábado,Abril 2025,0,0,0,0,0,0,0,0,,0,0,0,0
2025-04-20,Domingo,Abril 2025,0,0,0,0,0,0,0,0,,0,0,0,0
2025-04-21,Lunes,Abril 2025,257900,0,147350,0,59400,0,206750,-51150,,206750,0,-51150,0
2025-04-22,Martes,Abril 2025,131000,152400,190850,0,0,29700,372950,241950,,372950,0,241950,0
2025-04-23,Miércoles,Abril 2025,480800,250750,552100,32700,0,152900,988450,507650,,988450,0,507650,0
2025-04-24,Jueves,Abril 2025,229335,272950,0,51700,493500,74800,892950,663615,,892950,0,663615,0
2025-04-25,Viernes,Abril 2025,148850,869900,441100,213200,0,0,1524200,1375350,,1524200,0,1375350,0
2025-04-26,Sábado,Abril 2025,336530,1174000,261300,32700,0,84150,1552150,1215620,,1552150,0,1215620,0
2025-04-27,Domingo,Abril 2025,0,0,0,0,0,0,0,0,,0,0,0,0
2025-04-28,Lunes,Abril 2025,199350,403400,0,410500,0,0,813900,614550,,813900,0,614550,0
2025-04-29,Martes,Abril 2025,496300,542500,274800,42200,0,0,859500,363200,,859500,0,363200,0
2025-04-30,Miércoles,Abril 2025,24900,444650,301600,29200,0,0,775450,750550,,775450,0,750550,0
2025-05-01,Jueves,Mayo 2025,485800,211100,496300,151500,0,71400,930300,444500,,930300,0,444500,0
2025-05-02,Viernes,Mayo 2025,288200,221500,222400,190400,0,0,634300,346100,,634300,0,346100,0
2025-05-03,Sábado,Mayo 2025,559030,714650,545800,140700,0,226050,1627200,1068170,,1627200,0,1068170,0
2025-05-04,Domingo,Mayo 2025,0,0,0,0,0,0,0,0,,0,0,0,0
2025-05-05,Lunes,Mayo 2025,331850,111650,217900,0,0,0,329550,-2300,,329550,0,-2300,0
2025-05-06,Martes,Mayo 2025,460300,182100,0,0,0,0,182100,-278200,,182100,0,-278200,0
2025-05-07,Miércoles,Mayo 2025,103200,211200,0,0,0,0,211200,108000,,211200,0,108000,0
2025-05-08,Jueves,Mayo 2025,184950,1040300,74500,638200,0,52700,1805700,1620750,,1805700,0,1620750,0
2025-05-09,Viernes,Mayo 2025,495500,415300,625100,52700,0,0,1093100,597600,,1093100,0,597600,0
2025-05-10,Sábado,Mayo 2025,618550,550050,980300,222750,55700,249500,2058300,1439750,,2058300,0,1439750,0
2025-05-11,Domingo,Mayo 2025,565900,806700,1716000,80200,0,0,2602900,2037000,,2602900,0,2037000,0
2025-05-12,Lunes,Mayo 2025,0,0,0,0,0,0,0,0,,0,0,0,0
2025-05-13,Martes,Mayo 2025,802300,485300,156200,0,0,52500,694000,-108300,,694000,0,-108300,0
2025-05-14,Miércoles,Mayo 2025,50000,0,286650,48700,0,0,335350,285350,,335350,0,285350,0
2025-05-15,Jueves,Mayo 2025,289950,67100,127600,0,0,83500,278200,-11750,,278200,0,-11750,0
2025-05-16,Viernes,Mayo 2025,234050,1015350,163350,0,0,0,1178700,944650,,1178700,0,944650,0
2025-05-17,Sábado,Mayo 2025,145500,580150,365250,0,0,0,945400,799900,,945400,0,799900,0
2025-05-18,Domingo,Mayo 2025,351400,295900,59950,65000,0,55400,476250,124850,,476250,0,124850,0
2025-05-19,Lunes,Mayo 2025,0,0,0,0,0,0,0,0,,0,0,0,0
2025-05-20,Martes,Mayo 2025,396150,223900,0,46000,0,119900,389800,-6350,,389800,0,-6350,0
2025-05-21,Miércoles,Mayo 2025,416550,711300,742600,125000,0,113600,1692500,1275950,,1692500,0,1275950,0
2025-05-22,Jueves,Mayo 2025,89350,0,242200,64000,0,140000,446200,356850,,446200,0,356850,0
2025-05-23,Viernes,Mayo 2025,102300,507100,316250,0,0,0,823350,721050,,823350,0,721050,0
2025-05-24,Sábado,Mayo 2025,178450,299600,593900,343700,0,336250,1573450,1395000,,1573450,0,1395000,0
2025-05-25,Domingo,Mayo 2025,0,0,0,0,0,0,0,0,,0,0,0,0
2025-05-26,Lunes,Mayo 2025,136750,0,89100,0,0,169500,258600,121850,,258600,0,121850,0
2025-05-27,Martes,Mayo 2025,100800,268700,266700,0,0,0,535400,434600,,535400,0,434600,0
2025-05-28,Miércoles,Mayo 2025,589650,161500,85000,47000,46700,337500,677700,88050,,677700,0,88050,0
2025-05-29,Jueves,Mayo 2025,39500,174500,0,0,0,122600,297100,257600,,297100,0,257600,0
2025-05-30,Viernes,Mayo 2025,235150,303000,134500,71900,0,0,509400,274250,,509400,0,274250,0
2025-05-31,Sábado,Mayo 2025,0,398200,305000,132000,0,154400,989600,989600,,989600,0,989600,0
2025-06-01,Domingo,Junio 2025,0,0,0,0,0,0,0,0,,0,0,0,0
2025-06-02,Lunes,Junio 2025,0,0,0,0,0,0,0,0,FESTIVO,0,0,0,0
2025-06-03,Martes,Junio 2025,107050,595100,161000,0,0,0,756100,649050,,756100,0,649050,0
2025-06-04,Miércoles,Junio 2025,112000,107200,248000,50700,0,0,405900,293900,,405900,0,293900,0
2025-06-05,Jueves,Junio 2025,114900,283900,263700,0,0,171000,718600,603700,,718600,0,603700,0
2025-06-06,Viernes,Junio 2025,530600,92900,79200,148000,0,0,320100,-210500,,320100,0,-210500,0
2025-06-07,Sábado,Junio 2025,332950,390400,169900,56700,0,0,617000,284050,,617000,0,284050,0
2025-06-08,Domingo,Junio 2025,0,0,0,0,0,0,0,0,,0,0,0,0
2025-06-09,Lunes,Junio 2025,127250,167500,245300,43200,0,157900,613900,486650,,613900,0,486650,0
2025-06-10,Martes,Junio 2025,90400,146850,142850,0,0,311500,601200,510800,,601200,0,510800,0
2025-06-11,Miércoles,Junio 2025,333450,327100,0,0,0,0,327100,-6350,,327100,0,-6350,0
2025-06-12,Jueves,Junio 2025,0,197650,35000,0,0,0,232650,232650,,232650,0,232650,0
2025-06-13,Viernes,Junio 2025,191800,590800,531800,242500,90900,138000,1594000,1402200,,1594000,0,1402200,0
2025-06-14,Sábado,Junio 2025,0,648850,643600,0,54900,563200,1910550,1910550,,1910550,0,1910550,0
2025-06-15,Domingo,Junio 2025,0,0,0,0,0,0,0,0,,0,0,0,0
2025-06-16,Lunes,Junio 2025,382700,106500,0,0,0,171000,277500,-105200,,277500,0,-105200,0
2025-06-17,Martes,Junio 2025,37600,0,0,57000,0,0,57000,19400,,57000,0,19400,0
2025-06-18,Miércoles,Junio 2025,190700,123500,488400,23000,0,104800,739700,549000,,739700,0,549000,0
2025-06-19,Jueves,Junio 2025,309300,265700,687400,94100,0,0,1047200,737900,,1047200,0,737900,0
2025-06-20,Viernes,Junio 2025,269400,374000,107600,50700,0,178300,710600,441200,,710600,0,441200,0
2025-06-21,Sábado,Junio 2025,154800,460700,1165000,81200,0,78000,1784900,1630100,,1784900,0,1630100,0
2025-06-22,Domingo,Junio 2025,0,0,0,0,0,0,0,0,,0,0,0,0
2025-06-23,Lunes,Junio 2025,0,0,0,0,0,0,0,0,FESTIVO,0,0,0,0
2025-06-24,Martes,Junio 2025,348000,291600,193700,0,0,70000,555300,207300,,555300,0,207300,0
2025-06-25,Miércoles,Junio 2025,404050,0,409300,0,0,265500,674800,270750,,674800,0,270750,0
2025-06-26,Jueves,Junio 2025,94600,457450,678100,0,0,0,1135550,1040950,,1135550,0,1040950,0
2025-06-27,Viernes,Junio 2025,468200,696200,349650,0,0,0,1045850,577650,,1045850,0,577650,0
2025-06-28,Sábado,Junio 2025,281900,162100,650600,0,0,283800,1096500,814600,,1096500,0,814600,0
2025-06-29,Domingo,Junio 2025,0,0,0,0,0,0,0,0,,0,0,0,0
2025-06-30,Lunes,Junio 2025,0,0,0,0,0,0,0,0,,0,0,0,0
2025-07-01,Martes,Julio 2025,294950,285500,0,42200,56700,0,384400,89450,,384400,0,89450,0
2025-07-02,Miércoles,Julio 2025,76500,564300,326700,0,0,0,891000,814500,,891000,0,814500,0
2025-07-03,Jueves,Julio 2025,181400,42200,457400,0,0,110600,610200,428800,,610200,0,428800,0
2025-07-04,Viernes,Julio 2025,240850,460400,0,50700,88000,0,599100,358250,,599100,0,358250,0
2025-07-05,Sábado,Julio 2025,179850,42200,791100,493600,0,0,1326900,1147050,,1326900,0,1147050,0
2025-07-06,Domingo,Julio 2025,0,0,0,0,0,0,0,0,,0,0,0,0
2025-07-07,Lunes,Julio 2025,121550,100500,199600,0,0,69500,369600,248050,,369600,0,248050,0
2025-07-08,Martes,Julio 2025,161050,312800,0,0,0,55200,368000,206950,,368000,0,206950,0
2025-07-09,Miércoles,Julio 2025,206300,0,0,0,0,0,0,-206300,,0,0,-206300,0
2025-07-10,Jueves,Julio 2025,186000,209200,321000,183000,0,0,713200,527200,,713200,0,527200,0
2025-07-11,Viernes,Julio 2025,224250,580650,416000,41700,0,0,1038350,814100,,1038350,0,814100,0
2025-07-12,Sábado,Julio 2025,71600,112200,402500,38000,0,97500,650200,578600,,650200,0,578600,0
2025-07-13,Domingo,Julio 2025,0,0,0,0,0,0,0,0,,0,0,0,0
2025-07-14,Lunes,Julio 2025,45250,50700,150100,0,0,0,200800,155550,,200800,0,155550,0
2025-07-15,Martes,Julio 2025,0,0,0,0,0,0,0,0,,0,0,0,0
2025-07-16,Miércoles,Julio 2025,42600,323800,357900,42200,0,371000,1094900,1052300,,1094900,0,1052300,0
2025-07-17,Jueves,Julio 2025,124600,490400,130900,0,0,170000,791300,666700,,791300,0,666700,0
2025-07-18,Viernes,Julio 2025,296000,514200,193600,0,0,182600,890400,594400,,890400,0,594400,0
2025-07-19,Sábado,Julio 2025,407650,389250,29700,208100,0,0,627050,219400,,627050,0,219400,0
2025-07-20,Domingo,Julio 2025,0,0,0,0,0,0,0,0,,0,0,0,0
2025-07-21,Lunes,Julio 2025,198300,177150,228100,135500,0,177600,718350,520050,,718350,0,520050,0
2025-07-22,Martes,Julio 2025,126800,166000,81950,0,0,60000,307950,181150,,307950,0,181150,0
2025-07-23,Miércoles,Julio 2025,121600,292950,271150,0,0,116500,680600,559000,,680600,0,559000,0
2025-07-24,Jueves,Julio 2025,193000,86750,149000,92900,77500,0,406150,213150,,406150,0,213150,0
2025-07-25,Viernes,Julio 2025,309700,408350,243050,229600,0,0,881000,571300,,881000,0,571300,0
2025-07-26,Sábado,Julio 2025,271236,167000,191400,153200,0,218850,730450,459214,,730450,0,459214,0
2025-07-27,Domingo,Julio 2025,0,0,0,0,0,0,0,0,,0,0,0,0
2025-07-28,Lunes,Julio 2025,188850,537950,41500,0,0,0,579450,390600,,579450,0,390600,0
2025-07-29,Martes,Julio 2025,80720,194200,221700,0,0,261700,677600,596880,,677600,0,596880,0
2025-07-30,Miércoles,Julio 2025,540100,109900,247100,0,0,169000,526000,-14100,,526000,0,-14100,0
2025-07-31,Jueves,Julio 2025,304700,192700,426250,107900,23000,79500,829350,524650,,829350,0,524650,0
2025-08-01,Viernes,Agosto 2025,0,605200,695000,55200,0,296150,1651550,1651550,,1651550,0,1651550,0
2025-08-02,Sábado,Agosto 2025,573200,627650,706750,0,0,377950,1712350,1139150,,1712350,0,1139150,0
2025-08-03,Domingo,Agosto 2025,0,0,0,0,0,0,0,0,,0,0,0,0
2025-08-04,Lunes,Agosto 2025,232800,98200,133500,55000,0,0,286700,53900,,286700,0,53900,0
2025-08-05,Martes,Agosto 2025,31350,178500,92400,0,0,0,270900,239550,,270900,0,239550,0
2025-08-06,Miércoles,Agosto 2025,71900,109200,99000,25200,0,103400,336800,264900,,336800,0,264900,0
2025-08-07,Jueves,Agosto 2025,156150,50700,646100,120400,0,0,817200,661050,,817200,0,661050,0
2025-08-08,Viernes,Agosto 2025,528600,483000,215600,42000,0,0,740600,212000,,740600,0,212000,0
2025-08-09,Sábado,Agosto 2025,257850,141200,503200,114800,0,0,759200,501350,,759200,0,501350,0
2025-08-10,Domingo,Agosto 2025,0,0,0,0,0,0,0,0,,0,0,0,0
2025-08-11,Lunes,Agosto 2025,141400,189600,0,0,42200,0,231800,90400,,231800,0,90400,0
2025-08-12,Martes,Agosto 2025,16000,23000,681900,0,0,0,704900,688900,,704900,0,688900,0
2025-08-13,Miércoles,Agosto 2025,131250,64500,70400,42200,0,0,177100,45850,,177100,0,45850,0
2025-08-14,Jueves,Agosto 2025,24600,148500,73500,159700,0,0,381700,357100,,381700,0,357100,0
2025-08-15,Viernes,Agosto 2025,285850,346350,300900,71500,0,79000,797750,511900,,797750,0,511900,0
2025-08-16,Sábado,Agosto 2025,139300,181200,212800,37200,0,0,431200,291900,,431200,0,291900,0
2025-08-17,Domingo,Agosto 2025,0,0,0,0,0,0,0,0,,0,0,0,0
2025-08-18,Lunes,Agosto 2025,37000,100500,406800,28000,0,98100,633400,596400,,633400,0,596400,0
2025-08-19,Martes,Agosto 2025,192100,82900,122000,0,0,0,204900,12800,,204900,0,12800,0
2025-08-20,Miércoles,Agosto 2025,53850,84000,113900,0,0,176000,373900,320050,,373900,0,320050,0
2025-08-21,Jueves,Agosto 2025,221750,274200,211200,77000,0,107800,670200,448450,,670200,0,448450,0
2025-08-22,Viernes,Agosto 2025,402850,682100,131500,86900,0,48900,949400,546550,,949400,0,546550,0
2025-08-23,Sábado,Agosto 2025,170250,506900,759000,0,0,0,1265900,1095650,,1265900,0,1095650,0
2025-08-24,Domingo,Agosto 2025,536300,0,0,0,0,133000,133000,-403300,,133000,0,-403300,0
2025-08-25,Lunes,Agosto 2025,23100,154500,300000,86500,0,76700,617700,594600,,617700,0,594600,0
2025-08-26,Martes,Agosto 2025,88550,50700,60500,50700,0,219450,381350,292800,,381350,0,292800,0
2025-08-27,Miércoles,Agosto 2025,577100,289100,206700,148700,0,0,644500,67400,,644500,0,67400,0
2025-08-28,Jueves,Agosto 2025,170000,575200,142500,337100,0,0,1054800,884800,,1054800,0,884800,0
2025-08-29,Viernes,Agosto 2025,0,0,0,0,0,0,0,0,,0,0,0,0
2025-08-30,Sábado,Agosto 2025,626730,417100,574100,0,0,85800,1077000,450270,,1077000,0,450270,0
2025-08-31,Domingo,Agosto 2025,0,385000,455000,105000,0,70000,1015000,1015000,,1015000,0,1015000,0
2025-09-01,Lunes,Septiembre 2025,225900,0,418500,70900,0,0,489400,263500,,489400,0,263500,0
2025-09-02,Martes,Septiembre 2025,38700,489300,252400,0,0,0,741700,703000,,741700,0,703000,0
2025-09-03,Miércoles,Septiembre 2025,293000,0,162200,230300,0,93500,486000,193000,,486000,0,193000,0
2025-09-04,Jueves,Septiembre 2025,66050,229600,106100,0,68900,0,404600,338550,,404600,0,338550,0
2025-09-05,Viernes,Septiembre 2025,211050,349800,454450,103400,67400,168800,1143850,932800,,1143850,0,932800,0
2025-09-06,Sábado,Septiembre 2025,298000,334650,1382050,55200,0,79900,1851800,1553800,,1851800,0,1553800,0
2025-09-07,Domingo,Septiembre 2025,0,476000,140000,0,0,0,616000,616000,,616000,0,616000,0
2025-09-08,Lunes,Septiembre 2025,280350,410300,0,0,0,123000,533300,252950,,533300,0,252950,0
2025-09-09,Martes,Septiembre 2025,62000,0,375300,37700,0,78500,491500,429500,,491500,0,429500,0
2025-09-10,Miércoles,Septiembre 2025,161300,0,184800,179100,0,120500,484400,323100,,484400,0,323100,0
2025-09-11,Jueves,Septiembre 2025,22250,214500,397800,0,0,74500,686800,664550,,686800,0,664550,0
2025-09-12,Viernes,Septiembre 2025,401100,455600,422850,108700,0,0,987150,586050,,987150,0,586050,0
2025-09-13,Sábado,Septiembre 2025,0,0,0,0,0,0,0,0,REVISAR,0,0,0,0
2025-09-14,Domingo,Septiembre 2025,0,0,0,0,0,0,0,0,REVISAR,0,0,0,0
2025-09-15,Lunes,Septiembre 2025,158800,359400,178500,0,0,0,537900,379100,,537900,0,379100,0
2025-09-16,Martes,Septiembre 2025,66900,59900,95000,0,0,26000,180900,114000,,180900,0,114000,0
2025-09-17,Miércoles,Septiembre 2025,14600,0,934900,0,0,73100,1008000,993400,,1008000,0,993400,0
2025-09-18,Jueves,Septiembre 2025,321000,127000,0,50700,0,0,177700,-143300,,177700,0,-143300,0
2025-09-19,Viernes,Septiembre 2025,101200,206700,353400,0,0,118200,678300,577100,,678300,0,577100,0
2025-09-20,Sábado,Septiembre 2025,263300,715500,909700,29200,0,118800,1773200,1509900,,1773200,0,1509900,0
2025-09-21,Domingo,Septiembre 2025,57150,79700,108500,0,0,0,188200,131050,,188200,0,131050,0
2025-09-22,Lunes,Septiembre 2025,43450,366800,0,115800,0,0,482600,439150,,482600,0,439150,0
2025-09-23,Martes,Septiembre 2025,0,0,0,0,0,0,0,0,REVISAR,0,0,0,0
2025-09-24,Miércoles,Septiembre 2025,117500,0,131400,28200,0,57200,216800,99300,,216800,0,99300,0
2025-09-25,Jueves,Septiembre 2025,0,208400,333800,37000,0,134700,713900,713900,,713900,0,713900,0
2025-09-26,Viernes,Septiembre 2025,201000,146700,69500,84400,0,155000,455600,254600,,455600,0,254600,0
2025-09-27,Sábado,Septiembre 2025,258000,138000,369000,0,0,0,507000,249000,,507000,0,249000,0
2025-09-28,Domingo,Septiembre 2025,0,0,0,0,0,0,0,0,,0,0,0,0
2025-09-29,Lunes,Septiembre 2025,265900,256750,84100,110950,0,449300,901100,635200,,901100,0,635200,0
2025-09-30,Martes,Septiembre 2025,192900,175500,367900,0,0,52700,596100,403200,,596100,0,403200,0
2025-10-01,Miércoles,Octubre 2025,298550,0,248500,77700,0,137700,463900,165350,,463900,0,165350,0
2025-10-02,Jueves,Octubre 2025,0,23700,206200,117000,0,0,346900,346900,,346900,0,346900,0
2025-10-03,Viernes,Octubre 2025,182450,282700,387400,50700,0,257000,977800,795350,,977800,0,795350,0
2025-10-04,Sábado,Octubre 2025,336150,68000,788650,0,0,131450,988100,651950,,988100,0,651950,0
2025-10-05,Domingo,Octubre 2025,193650,234800,152400,54700,0,282000,723900,530250,,723900,0,530250,0
2025-10-06,Lunes,Octubre 2025,0,0,0,0,0,0,0,0,REVISAR,0,0,0,0
2025-10-07,Martes,Octubre 2025,190250,141700,415800,0,0,283000,840500,650250,,840500,0,650250,0
2025-10-08,Miércoles,Octubre 2025,39800,343700,68200,0,0,0,411900,372100,,411900,0,372100,0
2025-10-09,Jueves,Octubre 2025,78250,246000,400100,0,0,326500,972600,894350,,972600,0,894350,0
2025-10-10,Viernes,Octubre 2025,267700,720400,571300,249300,0,0,1541000,1273300,,1541000,0,1273300,0
2025-10-11,Sábado,Octubre 2025,391650,309900,100500,0,0,104700,515100,123450,,515100,0,123450,0
2025-10-12,Domingo,Octubre 2025,14500,15700,192400,90200,0,0,298300,283800,,298300,0,283800,0
2025-10-13,Lunes,Octubre 2025,30400,0,0,0,0,84100,84100,53700,,84100,0,53700,0
2025-10-14,Martes,Octubre 2025,45250,52500,294200,0,0,140000,486700,441450,,486700,0,441450,0
2025-10-15,Miércoles,Octubre 2025,422300,74500,151500,53200,0,224400,503600,81300,,503600,0,81300,0
2025-10-16,Jueves,Octubre 2025,132300,613900,728750,153700,13000,95700,1605050,1472750,,1605050,0,1472750,0
2025-10-17,Viernes,Octubre 2025,263250,1191400,535500,108900,0,51500,1887300,1624050,,1887300,0,1624050,0
2025-10-18,Sábado,Octubre 2025,554800,389100,120000,0,0,0,509100,-45700,,509100,0,-45700,0
2025-10-19,Domingo,Octubre 2025,144450,182500,0,0,0,0,182500,38050,,182500,0,38050,0
2025-10-20,Lunes,Octubre 2025,198800,340700,0,6700,0,0,347400,148600,,347400,0,148600,0
2025-10-21,Martes,Octubre 2025,0,0,0,0,0,0,0,0,REVISAR,0,0,0,0
2025-10-22,Miércoles,Octubre 2025,0,0,0,0,0,0,0,0,REVISAR,0,0,0,0
2025-10-23,Jueves,Octubre 2025,361050,73200,186900,0,0,82500,342600,-18450,,342600,0,-18450,0
2025-10-24,Viernes,Octubre 2025,366600,215300,556500,231800,0,0,1003600,637000,,1003600,0,637000,0
2025-10-25,Sábado,Octubre 2025,420750,386300,188700,0,0,135300,710300,289550,,710300,0,289550,0
2025-10-26,Domingo,Octubre 2025,207200,245000,194000,35000,105000,0,579000,371800,,579000,0,371800,0
2025-10-27,Lunes,Octubre 2025,2500,220700,0,74500,0,91000,386200,383700,,386200,0,383700,0
2025-10-28,Martes,Octubre 2025,116600,0,319700,15000,0,0,334700,218100,,334700,0,218100,0
2025-10-29,Miércoles,Octubre 2025,232900,144000,156500,92000,0,0,392500,159600,,392500,0,159600,0
2025-10-30,Jueves,Octubre 2025,78600,71500,294200,0,0,78100,443800,365200,,443800,0,365200,0
2025-10-31,Viernes,Octubre 2025,247350,1015100,494800,0,0,85700,1595600,1348250,,1595600,0,1348250,0
2025-11-01,Sábado,Noviembre 2025,655000,320600,277400,110800,0,0,708800,53800,,708800,0,53800,0
2025-11-02,Domingo,Noviembre 2025,0,0,0,0,0,0,0,0,REVISAR,0,0,0,0
2025-11-03,Lunes,Noviembre 2025,0,0,0,0,0,0,0,0,REVISAR,0,0,0,0
2025-11-04,Martes,Noviembre 2025,127300,572500,0,0,0,72600,645100,517800,,645100,0,517800,0
2025-11-05,Miércoles,Noviembre 2025,79600,129400,0,85100,0,27700,242200,162600,,242200,0,162600,0
2025-11-06,Jueves,Noviembre 2025,57600,53700,146700,141600,0,60400,402400,344800,,402400,0,344800,0
2025-11-07,Viernes,Noviembre 2025,439100,314400,128700,206000,0,255900,905000,465900,,905000,0,465900,0
2025-11-08,Sábado,Noviembre 2025,89050,233700,51500,110300,0,210600,606100,517050,,606100,0,517050,0
2025-11-09,Domingo,Noviembre 2025,215750,323400,206500,112400,0,163000,805300,589550,,805300,0,589550,0
2025-11-10,Lunes,Noviembre 2025,103100,465000,331300,29700,0,0,826000,722900,,826000,0,722900,0
2025-11-11,Martes,Noviembre 2025,0,0,0,0,0,0,0,0,,0,0,0,0
2025-11-12,Miércoles,Noviembre 2025,262500,0,113000,0,0,0,113000,-149500,,113000,0,-149500,0
2025-11-13,Jueves,Noviembre 2025,22100,0,66500,53700,0,0,120200,98100,,120200,0,98100,0
2025-11-14,Viernes,Noviembre 2025,120300,477500,119200,95400,0,109100,801200,680900,,801200,0,680900,0
2025-11-15,Sábado,Noviembre 2025,206350,681300,397100,164000,0,462500,1704900,1498550,,1704900,0,1498550,0
2025-11-16,Domingo,Noviembre 2025,113250,0,0,50700,0,110100,160800,47550,,160800,0,47550,0
2025-11-17,Lunes,Noviembre 2025,42400,0,239700,0,0,146800,386500,344100,,386500,0,344100,0
2025-11-18,Martes,Noviembre 2025,0,0,0,0,0,0,0,0,,0,0,0,0
2025-11-19,Miércoles,Noviembre 2025,78900,393300,0,50700,0,42200,486200,407300,,486200,0,407300,0
2025-11-20,Jueves,Noviembre 2025,67700,209700,235400,0,0,172800,617900,550200,,617900,0,550200,0
2025-11-21,Viernes,Noviembre 2025,742250,101400,870900,77900,0,120400,1170600,428350,,1170600,0,428350,0
2025-11-22,Sábado,Noviembre 2025,132800,363200,219900,0,38000,354000,975100,842300,,975100,0,842300,0
2025-11-23,Domingo,Noviembre 2025,354500,323200,247000,55700,0,247000,872900,518400,,872900,0,518400,0
2025-11-24,Lunes,Noviembre 2025,143000,182600,652200,29200,0,0,864000,721000,,864000,0,721000,0
2025-11-25,Martes,Noviembre 2025,0,0,0,0,0,0,0,0,,0,0,0,0
2025-11-26,Miércoles,Noviembre 2025,305650,490500,210500,152100,35000,20000,908100,602450,,908100,0,602450,0
2025-11-27,Jueves,Noviembre 2025,453000,965000,0,56200,0,0,1021200,568200,,1021200,0,568200,0
2025-11-28,Viernes,Noviembre 2025,351200,498700,740900,0,0,161200,1400800,1049600,,1400800,0,1049600,0
2025-11-29,Sábado,Noviembre 2025,481100,0,261700,0,0,0,261700,-219400,,261700,0,-219400,0
2025-11-30,Domingo,Noviembre 2025,50250,161500,234800,100900,101400,120900,719500,669250,,719500,0,669250,0
2025-12-01,Lunes,Diciembre 2025,0,354200,0,0,0,114200,468400,468400,,468400,0,468400,0
2025-12-02,Martes,Diciembre 2025,0,0,0,0,0,0,0,0,,0,0,0,0
2025-12-03,Miércoles,Diciembre 2025,87250,332100,409600,104400,0,78500,924600,837350,,924600,0,837350,0
2025-12-04,Jueves,Diciembre 2025,503350,63200,94600,0,0,0,157800,-345550,,157800,0,-345550,0
2025-12-05,Viernes,Diciembre 2025,163500,306500,497200,42200,0,213000,1058900,895400,,1058900,0,895400,0
2025-12-06,Sábado,Diciembre 2025,417200,156000,533000,50700,0,53700,793400,376200,,793400,0,376200,0
2025-12-07,Domingo,Diciembre 2025,0,0,0,0,0,0,0,0,REVISAR,0,0,0,0
2025-12-08,Lunes,Diciembre 2025,256500,453100,152700,324600,53900,101800,1086100,829600,,1086100,0,829600,0
2025-12-09,Martes,Diciembre 2025,0,0,0,0,0,0,0,0,,0,0,0,0
2025-12-10,Miércoles,Diciembre 2025,163900,50700,278200,75000,102900,144500,651300,487400,,651300,0,487400,0
2025-12-11,Jueves,Diciembre 2025,39900,50700,335500,120100,0,145300,651600,611700,,651600,0,611700,0
2025-12-12,Viernes,Diciembre 2025,492400,361400,286000,81900,0,0,729300,236900,,729300,0,236900,0
2025-12-13,Sábado,Diciembre 2025,69000,182500,351200,97500,0,10000,641200,572200,,641200,0,572200,0
2025-12-14,Domingo,Diciembre 2025,101350,192500,364500,0,0,312300,869300,767950,,869300,0,767950,0
2025-12-15,Lunes,Diciembre 2025,123200,307700,0,98200,0,0,405900,282700,,405900,0,282700,0
2025-12-16,Martes,Diciembre 2025,0,0,0,0,0,0,0,0,,0,0,0,0
2025-12-17,Miércoles,Diciembre 2025,160700,387100,89500,101400,206400,206000,990400,829700,,990400,0,829700,0
2025-12-18,Jueves,Diciembre 2025,0,982000,312800,54200,0,130200,1479200,1479200,,1479200,0,1479200,0
2025-12-19,Viernes,Diciembre 2025,205000,139200,80300,215600,0,0,435100,230100,,435100,0,230100,0
2025-12-20,Sábado,Diciembre 2025,171200,60000,0,181800,0,168000,409800,238600,,409800,0,238600,0
2025-12-21,Domingo,Diciembre 2025,951959,1520900,0,0,0,0,1520900,568941,,1520900,0,568941,0
2025-12-22,Lunes,Diciembre 2025,146300,462600,130000,0,0,81400,674000,527700,,674000,0,527700,0
2025-12-23,Martes,Diciembre 2025,0,0,0,0,0,0,0,0,,0,0,0,0
2025-12-24,Miércoles,Diciembre 2025,0,0,0,0,0,0,0,0,NAVIDAD,0,0,0,0
2025-12-25,Jueves,Diciembre 2025,0,0,0,0,0,0,0,0,NAVIDAD,0,0,0,0
2025-12-26,Viernes,Diciembre 2025,179300,328600,289300,186600,0,521000,1325500,1146200,,1325500,0,1146200,0
2025-12-27,Sábado,Diciembre 2025,381100,56900,170400,0,0,1073000,1300300,919200,,1300300,0,919200,0
2025-12-28,Domingo,Diciembre 2025,180000,50700,0,124500,0,138700,313900,133900,,313900,0,133900,0
2025-12-29,Lunes,Diciembre 2025,34850,171400,0,57900,0,0,229300,194450,,229300,0,194450,0
2025-12-30,Martes,Diciembre 2025,217000,235500,119500,26700,0,189400,571100,354100,,571100,0,354100,0
2025-12-31,Miércoles,Diciembre 2025,28000,287100,102700,0,0,0,389800,361800,,389800,0,361800,0
